{
  "media" : 1.723027,
  "mediana" : 1.72,
  "variancia" : 0.016771867270999975,
  "desvioPadrao" : 0.12950624413903747,
  "moda" : 1.64
}